Player_ID,Final_Group,Difficulty_Recommendation
RggRt45#4697369,Struggling,Decrease Difficulty
JohniceRex#9176033,Struggling,Decrease Difficulty
bootybootykill#1892064,Struggling,Decrease Difficulty
JNaCo#5244172,Struggling,Decrease Difficulty
gomezyayo_007#6596687,Struggling,Decrease Difficulty
Brxndoon7-LK#4002715,Overperforming,Increase Difficulty
bdooory_ab#7095171,Balanced,Keep Difficulty Same
ahevepluto#3505304,Balanced,Keep Difficulty Same
MilkyLemonz-_-#5981249,Overperforming,Increase Difficulty
RPDUNKduo#8122914,Balanced,Keep Difficulty Same
BOBOQQ3#7928912,Struggling,Decrease Difficulty
Rachetevolution,Struggling,Decrease Difficulty
CzarnyDelfinek#9059572,Balanced,Keep Difficulty Same
Damian291207#7986887,Struggling,Decrease Difficulty
SanDrasoSa,Balanced,Keep Difficulty Same
DrunkUnc92#7705654,Balanced,Keep Difficulty Same
whoshotghost#1916366,Balanced,Keep Difficulty Same
Nsory_1#5583298,Overperforming,Increase Difficulty
LimpThaDon,Balanced,Keep Difficulty Same
DeGiove#5248918,Overperforming,Increase Difficulty
TawheedAhmed42,Struggling,Decrease Difficulty
teruteru_yt_#6461227,Balanced,Keep Difficulty Same
edgexgaming8901#9276950,Balanced,Keep Difficulty Same
BrunoMarchione,Struggling,Decrease Difficulty
SlaPzz#6879518,Balanced,Keep Difficulty Same
ferni775#9063204,Struggling,Decrease Difficulty
HORUS REED#8123889,Balanced,Keep Difficulty Same
CohesiveMango93#8505922,Balanced,Keep Difficulty Same
Bobdustt#2422031,Balanced,Keep Difficulty Same
caliopez99#8569536,Struggling,Decrease Difficulty
EH4B_367#1401846,Balanced,Keep Difficulty Same
sammy7227#7543148,Struggling,Decrease Difficulty
WilcyWilson#2599001,Struggling,Decrease Difficulty
URjustBADXD#7190593,Struggling,Decrease Difficulty
DaydayLadd96#1594916,Balanced,Keep Difficulty Same
S3ND3RBUB12#9216137,Balanced,Keep Difficulty Same
Die#1566463,Balanced,Keep Difficulty Same
Jay-WKT#9248671,Balanced,Keep Difficulty Same
McWiggins14#5533106,Balanced,Keep Difficulty Same
SharkPawgin#5823839,Overperforming,Increase Difficulty
Manuel Alarcon1#6037069,Struggling,Decrease Difficulty
LEAN GAL#3205759,Balanced,Keep Difficulty Same
Ludsghy#4258818,Balanced,Keep Difficulty Same
Macavic#1093672,Struggling,Decrease Difficulty
swayfaze097#4838954,Balanced,Keep Difficulty Same
Jacyków#9892624,Balanced,Keep Difficulty Same
Sir_Luffwaffles1#7708807,Balanced,Keep Difficulty Same
Grrrr pow#5106418,Balanced,Keep Difficulty Same
DeadShot1687#6299823,Balanced,Keep Difficulty Same
leandr1nho13#4383266,Struggling,Decrease Difficulty
Blom-Tiee#6925955,Struggling,Decrease Difficulty
Unfinishe#7062263,Balanced,Keep Difficulty Same
Passion_Divine#1903567,Struggling,Decrease Difficulty
Sup Solaay#9600056,Balanced,Keep Difficulty Same
Gaqwe33399#4850936,Balanced,Keep Difficulty Same
T3agan07#6903176,Balanced,Keep Difficulty Same
Thnikkamaan,Balanced,Keep Difficulty Same
Mystica#3905510,Balanced,Keep Difficulty Same
user32849001#6793597,Balanced,Keep Difficulty Same
lll#3456667,Struggling,Decrease Difficulty
Hunter_S_Bombin#4973033,Balanced,Keep Difficulty Same
blackiechan00,Balanced,Keep Difficulty Same
XReyesT18#7041180,Struggling,Decrease Difficulty
FaZe Splitter#1010390,Overperforming,Increase Difficulty
Russbuck#9798189,Overperforming,Increase Difficulty
Luluchiaa#8768510,Struggling,Decrease Difficulty
fireland56#3811414,Struggling,Decrease Difficulty
Teo#8038666,Struggling,Decrease Difficulty
Mhamed9772#8788714,Struggling,Decrease Difficulty
kamazsoft#1273914,Struggling,Decrease Difficulty
willick#5324561,Balanced,Keep Difficulty Same
TheRealKulumbele#2435541,Struggling,Decrease Difficulty
AydsAydsAyds#8842784,Struggling,Decrease Difficulty
Ksk gustav#1566519,Balanced,Keep Difficulty Same
Papi flashy#5364268,Balanced,Keep Difficulty Same
JOE ALCANTARA#5896324,Struggling,Decrease Difficulty
viniciusvgs#9944935,Balanced,Keep Difficulty Same
deepies#8015304,Struggling,Decrease Difficulty
AskarkGG#9024740,Overperforming,Increase Difficulty
Conberve440#8622297,Overperforming,Increase Difficulty
JustZiggy,Balanced,Keep Difficulty Same
Lordtachanka438#7529291,Balanced,Keep Difficulty Same
Luiselbetoven#1584978,Balanced,Keep Difficulty Same
RoboNupe#9691851,Struggling,Decrease Difficulty
Abyss#7220618,Balanced,Keep Difficulty Same
infamousabe84,Overperforming,Increase Difficulty
axelsanchez200#1249784,Struggling,Decrease Difficulty
rftrtrtfd#7129073,Balanced,Keep Difficulty Same
TashEll5389#3508436,Struggling,Decrease Difficulty
420_Vegas#7916528,Overperforming,Increase Difficulty
RST KIRHA#3661611,Balanced,Keep Difficulty Same
thx f0r the kill#4114462,Struggling,Decrease Difficulty
prinz_rashid#8712420,Struggling,Decrease Difficulty
ERICKVEGA007#8654842,Struggling,Decrease Difficulty
Greyfox#8248495,Balanced,Keep Difficulty Same
ezzyy0095#7778150,Balanced,Keep Difficulty Same
PaRaDoXx#2893506,Balanced,Keep Difficulty Same
Trollkingdabs,Balanced,Keep Difficulty Same
stilgar300,Struggling,Decrease Difficulty
LittleAiden0716#1189735,Balanced,Keep Difficulty Same
LUCIFERxDARK#8843871,Struggling,Decrease Difficulty
MrDeniiz10#1986742,Balanced,Keep Difficulty Same
Legacy#3417190,Balanced,Keep Difficulty Same
you1i#8115611,Struggling,Decrease Difficulty
livernutz#5465911,Overperforming,Increase Difficulty
Faisal_kh_14#4163654,Struggling,Decrease Difficulty
ownED#4592237,Balanced,Keep Difficulty Same
reddyfied#5519579,Balanced,Keep Difficulty Same
yX PieT Xy#6264334,Struggling,Decrease Difficulty
LIangxxx#4226202,Struggling,Decrease Difficulty
TSM_Ulito67#7958396,Struggling,Decrease Difficulty
CannedBread93#2332353,Balanced,Keep Difficulty Same
Andy_Ferr_Artist#1046989,Struggling,Decrease Difficulty
lowher#1074214,Struggling,Decrease Difficulty
2SaucyBoii#9086331,Overperforming,Increase Difficulty
SwLeyton#8704086,Struggling,Decrease Difficulty
G-EVER#4292742,Balanced,Keep Difficulty Same
NoamK#9693918,Balanced,Keep Difficulty Same
ELITOMxtreme13,Struggling,Decrease Difficulty
LamerGamer11#6047414,Balanced,Keep Difficulty Same
pops59,Balanced,Keep Difficulty Same
Savage6ixBuffalo#6138644,Balanced,Keep Difficulty Same
Wolffe_1st_Recon#6733591,Balanced,Keep Difficulty Same
StekX#5406093,Struggling,Decrease Difficulty
Mr_TinyEagle24#6604078,Balanced,Keep Difficulty Same
mohbeau95#5524583,Struggling,Decrease Difficulty
Rmarssella2#8070556,Struggling,Decrease Difficulty
lillelund91#2522553,Balanced,Keep Difficulty Same
AllinatAlomar#9003682,Struggling,Decrease Difficulty
micasnysom#2811534,Struggling,Decrease Difficulty
PVT FishCooch#4411911,Overperforming,Increase Difficulty
Supr3mo#6991785,Balanced,Keep Difficulty Same
DStizzy#2268939,Overperforming,Increase Difficulty
cristianteatino#2716468,Balanced,Keep Difficulty Same
ghost_adan123#4376935,Balanced,Keep Difficulty Same
d3rdud32017#5663104,Overperforming,Increase Difficulty
altayehhamza#6513767,Balanced,Keep Difficulty Same
悪夢 猿 猿怠惰な怠惰な#7591947,Overperforming,Increase Difficulty
OOPS_U_DIED71#2527129,Balanced,Keep Difficulty Same
TTIN-MAN-99#5708666,Struggling,Decrease Difficulty
jojonino7#8789302,Struggling,Decrease Difficulty
OgBabytelli#5877408,Balanced,Keep Difficulty Same
vivaloslachos7,Struggling,Decrease Difficulty
CaptnDee#8295627,Overperforming,Increase Difficulty
Pessadilla#8628194,Struggling,Decrease Difficulty
Ties veurop jong#5386670,Balanced,Keep Difficulty Same
Mellymelz,Balanced,Keep Difficulty Same
Angelpro7771013#5002628,Struggling,Decrease Difficulty
Biggie cheese#3896736,Balanced,Keep Difficulty Same
b5 bigwill#3505460,Balanced,Keep Difficulty Same
AlessioGordillo1#5105858,Struggling,Decrease Difficulty
lucithepoessie#1567630,Struggling,Decrease Difficulty
CODman0024#4176592,Balanced,Keep Difficulty Same
qazws1577#9667938,Struggling,Decrease Difficulty
o-kintamdekao#9388325,Struggling,Decrease Difficulty
Speeddemon358,Overperforming,Increase Difficulty
flobu2607#2656812,Overperforming,Increase Difficulty
ArrivingSage684#2261357,Struggling,Decrease Difficulty
Dyneer89#7222136,Struggling,Decrease Difficulty
Poison#2907106,Balanced,Keep Difficulty Same
Jeffrey#1890968,Balanced,Keep Difficulty Same
NainFéroce#4542111,Balanced,Keep Difficulty Same
SmarcusAurelius#9607802,Struggling,Decrease Difficulty
imbsi2011#6620111,Struggling,Decrease Difficulty
Hoss2422#8165512,Struggling,Decrease Difficulty
abbassalem001#7340834,Balanced,Keep Difficulty Same
clastic_skyline#2465354,Struggling,Decrease Difficulty
Moe Lester#4727591,Balanced,Keep Difficulty Same
Zoeytoby2005#3211294,Struggling,Decrease Difficulty
Simonr3825#6948545,Balanced,Keep Difficulty Same
Feyenoord0112#4362600,Struggling,Decrease Difficulty
asdkii#7844531,Balanced,Keep Difficulty Same
footbawl,Struggling,Decrease Difficulty
Warfam602#8447029,Balanced,Keep Difficulty Same
7ot#5517158,Overperforming,Increase Difficulty
AlbatrosPoete#2974047,Balanced,Keep Difficulty Same
Janne#3768250,Overperforming,Increase Difficulty
Cade2121#4173962,Balanced,Keep Difficulty Same
anon44496684#2274631,Balanced,Keep Difficulty Same
FlexedXxradar#2827944,Balanced,Keep Difficulty Same
omar_de_villa_22#1782583,Struggling,Decrease Difficulty
Cavage#5516573,Struggling,Decrease Difficulty
Xam_snraem#9356911,Struggling,Decrease Difficulty
Echo_Two1#4469098,Balanced,Keep Difficulty Same
konkwistator#9532800,Struggling,Decrease Difficulty
bouthebenjamins#4435275,Overperforming,Increase Difficulty
SPoOKY#6529753,Overperforming,Increase Difficulty
Ayas1612#9957369,Struggling,Decrease Difficulty
Oh Bulletz8267#3366131,Balanced,Keep Difficulty Same
TyM_Seba_13#2401348,Struggling,Decrease Difficulty
carr23-r_#4277497,Struggling,Decrease Difficulty
KrisVal55#2097189,Balanced,Keep Difficulty Same
cEnBlaRk#8777192,Balanced,Keep Difficulty Same
RarefiedLime715#9051704,Struggling,Decrease Difficulty
Matt93650#4727617,Balanced,Keep Difficulty Same
Crusty Lips#5492303,Balanced,Keep Difficulty Same
PeralezFour#4637706,Struggling,Decrease Difficulty
MayTaG204#6314802,Balanced,Keep Difficulty Same
Angery#4467743,Struggling,Decrease Difficulty
TTG Rose8436#4609548,Struggling,Decrease Difficulty
GuiCaverzan#6898851,Balanced,Keep Difficulty Same
Killer-Insstinct#1463361,Balanced,Keep Difficulty Same
MathRei#1322612,Struggling,Decrease Difficulty
Fear DaSweat#8726184,Balanced,Keep Difficulty Same
Ilovelettuce474#7471739,Balanced,Keep Difficulty Same
SmashedDolphins#6984385,Balanced,Keep Difficulty Same
Tav#6226139,Overperforming,Increase Difficulty
S Town King,Balanced,Keep Difficulty Same
adrian_bankss#7070605,Struggling,Decrease Difficulty
Blazer-1965RR#4311847,Struggling,Decrease Difficulty
MaxyMax#3381154,Struggling,Decrease Difficulty
Oopsmyb#7184311,Struggling,Decrease Difficulty
Tastetherambo#4044400,Overperforming,Increase Difficulty
PetRussian#1853832,Overperforming,Increase Difficulty
DutchBro101#5678319,Balanced,Keep Difficulty Same
Voids-_-Times#5188154,Struggling,Decrease Difficulty
jimmyntrn123#7265469,Balanced,Keep Difficulty Same
Quasimoto#4762558,Balanced,Keep Difficulty Same
jjrdk4,Balanced,Keep Difficulty Same
GeT_DesTroYeD439#8882692,Balanced,Keep Difficulty Same
sanima34#5689127,Struggling,Decrease Difficulty
thrasherboi4ever#7579377,Struggling,Decrease Difficulty
nicocrack120#3055300,Struggling,Decrease Difficulty
xbL#1857429,Struggling,Decrease Difficulty
jahyoot,Overperforming,Increase Difficulty
Kowzyy#1392788,Balanced,Keep Difficulty Same
GaubanG#1753126,Struggling,Decrease Difficulty
vertilo818#5736609,Balanced,Keep Difficulty Same
DajwetYT#7632829,Struggling,Decrease Difficulty
getoutofmyface#7914894,Balanced,Keep Difficulty Same
LeafyKibbles959#3586335,Overperforming,Increase Difficulty
Jincar#7728971,Struggling,Decrease Difficulty
b_peek_798#7382601,Overperforming,Increase Difficulty
davidp656728#5900551,Balanced,Keep Difficulty Same
JustTrobe#8232705,Struggling,Decrease Difficulty
LCD#6383035,Overperforming,Increase Difficulty
aLlEz#6592097,Struggling,Decrease Difficulty
Sno0w#5116023,Struggling,Decrease Difficulty
koala750mortel#3459351,Balanced,Keep Difficulty Same
CSO_TEEYT#1978844,Balanced,Keep Difficulty Same
TWILL_#8779354,Balanced,Keep Difficulty Same
Rocket1227#5915450,Balanced,Keep Difficulty Same
DeyvsonStrife#6778065,Struggling,Decrease Difficulty
luckytbaldino#9685111,Struggling,Decrease Difficulty
anon12823578#1975965,Struggling,Decrease Difficulty
Stu332#4367651,Struggling,Decrease Difficulty
Dedey011#5948680,Struggling,Decrease Difficulty
Pyroboy5784#3932074,Struggling,Decrease Difficulty
G4B lyv#4289403,Struggling,Decrease Difficulty
GlockYaDown97#6408861,Struggling,Decrease Difficulty
xXLTCupcakeXx,Balanced,Keep Difficulty Same
VictorPani10#2810068,Balanced,Keep Difficulty Same
Tink31794#6650942,Struggling,Decrease Difficulty
Jamin0420#6398568,Balanced,Keep Difficulty Same
Angelo21299#7990114,Balanced,Keep Difficulty Same
andreolli#7708532,Balanced,Keep Difficulty Same
J27r#4147288,Struggling,Decrease Difficulty
juznatribina1970#4773578,Struggling,Decrease Difficulty
R3tr0#7707132,Balanced,Keep Difficulty Same
elchusis#2593484,Balanced,Keep Difficulty Same
giggitys#9179932,Overperforming,Increase Difficulty
Frengers1998#2768367,Balanced,Keep Difficulty Same
ttv_swavy10#1088254,Balanced,Keep Difficulty Same
Strife-Six,Struggling,Decrease Difficulty
Micoo_63#8781678,Balanced,Keep Difficulty Same
hhgh#4185342,Balanced,Keep Difficulty Same
itachi#5827893,Struggling,Decrease Difficulty
Miztress Zombie#8214431,Struggling,Decrease Difficulty
ibr_ahim06#7916315,Struggling,Decrease Difficulty
JDlindsay#8817801,Overperforming,Increase Difficulty
S1806Oliver#3355454,Struggling,Decrease Difficulty
icicle_df#8753477,Balanced,Keep Difficulty Same
Milobanos72#7517638,Struggling,Decrease Difficulty
Doctor_Kompot#5130686,Struggling,Decrease Difficulty
eddieecuellar#6232606,Balanced,Keep Difficulty Same
WalkerHz#3198307,Struggling,Decrease Difficulty
mateo21k_#4185352,Struggling,Decrease Difficulty
WangsOut01#5170237,Balanced,Keep Difficulty Same
bannana panda64#5880079,Balanced,Keep Difficulty Same
Wluczykij1988#9793528,Struggling,Decrease Difficulty
Don_Guerra04#3423306,Balanced,Keep Difficulty Same
Hagen#2592855,Struggling,Decrease Difficulty
Not-yan333#8399938,Struggling,Decrease Difficulty
Venom3738#5338665,Balanced,Keep Difficulty Same
RuthlessMING#6062357,Struggling,Decrease Difficulty
MoldyMilkLover34#5849713,Balanced,Keep Difficulty Same
PotentiallyXaos,Balanced,Keep Difficulty Same
Christian2017Tex#9602617,Balanced,Keep Difficulty Same
satilitdishwashr#1605506,Balanced,Keep Difficulty Same
DIEHARDRACER36#1388147,Balanced,Keep Difficulty Same
xsg_sin#8230783,Struggling,Decrease Difficulty
46ct,Struggling,Decrease Difficulty
hiddentechno#6892073,Balanced,Keep Difficulty Same
ilyesjsk06#4669067,Struggling,Decrease Difficulty
Missak-Ant#2385272,Struggling,Decrease Difficulty
anon94916160#1248157,Struggling,Decrease Difficulty
SpazzyChazzy1#3685694,Balanced,Keep Difficulty Same
SUN_OF_A_BEACH25,Struggling,Decrease Difficulty
Slittysynsir#2464738,Balanced,Keep Difficulty Same
eliver_7890#8661547,Struggling,Decrease Difficulty
guizao23#6674996,Struggling,Decrease Difficulty
大帅财#1286178,Struggling,Decrease Difficulty
R3CTCru33077#1645673,Struggling,Decrease Difficulty
weav_13#1674785,Balanced,Keep Difficulty Same
iTz Carlit0s#6152832,Struggling,Decrease Difficulty
CF Pxzito#4840851,Balanced,Keep Difficulty Same
FireToaster6134#6244699,Struggling,Decrease Difficulty
PixelyPlazma#2151886,Balanced,Keep Difficulty Same
KamikaziMoose#3579853,Balanced,Keep Difficulty Same
UkraineSaiyan#3810058,Balanced,Keep Difficulty Same
humanpolarbear#9108073,Struggling,Decrease Difficulty
Master#2556096,Balanced,Keep Difficulty Same
the_hollyster#9796860,Balanced,Keep Difficulty Same
rallying_oval771#4436708,Struggling,Decrease Difficulty
xXxPR3DATOR#6075491,Balanced,Keep Difficulty Same
今晚我来搞#4268210,Struggling,Decrease Difficulty
Baby Pluto#9935815,Overperforming,Increase Difficulty
Kalem#1808520,Balanced,Keep Difficulty Same
XxETxxX#1881233,Balanced,Keep Difficulty Same
Txengeez#4163511,Struggling,Decrease Difficulty
EvilGenius13#3069213,Struggling,Decrease Difficulty
twartsly#6942236,Balanced,Keep Difficulty Same
Eimo#2528837,Struggling,Decrease Difficulty
Krox#7640270,Balanced,Keep Difficulty Same
Fushilossom#7027189,Struggling,Decrease Difficulty
Yourdaddy12#2905883,Struggling,Decrease Difficulty
hHmM#4917398,Struggling,Decrease Difficulty
CarlyUva2392#5796869,Struggling,Decrease Difficulty
general waste#6895114,Balanced,Keep Difficulty Same
68#9931432,Struggling,Decrease Difficulty
XXXTENTACION#5582814,Overperforming,Increase Difficulty
WOLFWAR_1106#2548706,Balanced,Keep Difficulty Same
pymdragon#5685104,Struggling,Decrease Difficulty
CrimsonNight#7218001,Balanced,Keep Difficulty Same
XRufyX,Overperforming,Increase Difficulty
yn_Lawson#5548183,Balanced,Keep Difficulty Same
AlexC1838#6065295,Balanced,Keep Difficulty Same
FurryCoder87771#8437293,Balanced,Keep Difficulty Same
U_DRx_#5403725,Struggling,Decrease Difficulty
CoziestDiamond2#7583218,Balanced,Keep Difficulty Same
Reflex#8673705,Overperforming,Increase Difficulty
lvelez1#9961141,Balanced,Keep Difficulty Same
날동이#4775901,Balanced,Keep Difficulty Same
PakistanFlow#6848963,Struggling,Decrease Difficulty
mariete12#4213519,Balanced,Keep Difficulty Same
coluna ferreira#7686336,Struggling,Decrease Difficulty
Anivia#7393555,Balanced,Keep Difficulty Same
阿杰哥哥#4397620,Balanced,Keep Difficulty Same
Kennys#2612737,Struggling,Decrease Difficulty
GuillermoPlay64#8482042,Struggling,Decrease Difficulty
RicoP33#8756696,Overperforming,Increase Difficulty
没钱玩呢吗哔#5971909,Balanced,Keep Difficulty Same
Holydiver#3952175,Struggling,Decrease Difficulty
Jaumzera#9982519,Overperforming,Increase Difficulty
HtL ST33ZY#6775411,Balanced,Keep Difficulty Same
kartracer021,Balanced,Keep Difficulty Same
jubilo_locativo#3882078,Struggling,Decrease Difficulty
Hopper#9252246,Balanced,Keep Difficulty Same
RICKYBUTTER2207#4646823,Balanced,Keep Difficulty Same
xxxLqBOoss#7519765,Struggling,Decrease Difficulty
eric8a3815#8363902,Struggling,Decrease Difficulty
EpicE#7325960,Balanced,Keep Difficulty Same
SuPeRzZ HD#1812640,Struggling,Decrease Difficulty
KSiS7#8799671,Struggling,Decrease Difficulty
Pistenpiranha#4434201,Balanced,Keep Difficulty Same
Golden Freddy#7659026,Balanced,Keep Difficulty Same
JugoFN#1106955,Balanced,Keep Difficulty Same
mariano2626#1433651,Struggling,Decrease Difficulty
ProjectMaccin110#3465666,Balanced,Keep Difficulty Same
Barthmel#2064600,Struggling,Decrease Difficulty
XxLukitroNxX#7557129,Struggling,Decrease Difficulty
vbenzinger#8317094,Struggling,Decrease Difficulty
sirjuan,Overperforming,Increase Difficulty
lucas0511#3715220,Struggling,Decrease Difficulty
Xtaka99,Struggling,Decrease Difficulty
Sovr#5859784,Balanced,Keep Difficulty Same
slipperyglock#2897856,Struggling,Decrease Difficulty
The Toad#1813352,Balanced,Keep Difficulty Same
FaZe_Wuason#1587454,Balanced,Keep Difficulty Same
Phillip#9315911,Struggling,Decrease Difficulty
KingBosss21#8522313,Balanced,Keep Difficulty Same
B_Smis#3028067,Balanced,Keep Difficulty Same
Skilled_Chaos#4692025,Overperforming,Increase Difficulty
똥묻은똥구멍#9590512,Balanced,Keep Difficulty Same
AceofSpades#2630802,Balanced,Keep Difficulty Same
Im_Mentah#7022765,Struggling,Decrease Difficulty
DuKeEe55_#9631070,Balanced,Keep Difficulty Same
caw_da_amblance#1210165,Balanced,Keep Difficulty Same
Vallkill#4912827,Balanced,Keep Difficulty Same
Exotic Booty#4314593,Balanced,Keep Difficulty Same
spm_abomb,Balanced,Keep Difficulty Same
anon69500511#1453074,Balanced,Keep Difficulty Same
Skiets_AHX#8633504,Struggling,Decrease Difficulty
doglos#8794757,Struggling,Decrease Difficulty
Its MattMan69#1359113,Balanced,Keep Difficulty Same
ZappiestPluto51#4729761,Overperforming,Increase Difficulty
Exotic_iz_daddy#1174348,Overperforming,Increase Difficulty
BO8OM8,Balanced,Keep Difficulty Same
PureTrigg#3987919,Struggling,Decrease Difficulty
orelperets660#8567546,Struggling,Decrease Difficulty
UK For Life35#5305721,Struggling,Decrease Difficulty
husing#2130979,Balanced,Keep Difficulty Same
Kimbley#9545763,Struggling,Decrease Difficulty
K-B-52#9545142,Struggling,Decrease Difficulty
Nawsen#5869218,Balanced,Keep Difficulty Same
G3NeRiiC#6149085,Balanced,Keep Difficulty Same
DennisNr47#4478803,Struggling,Decrease Difficulty
RandyMarsh#1826066,Overperforming,Increase Difficulty
FlyingCactus85#7687173,Struggling,Decrease Difficulty
broncofan1058#4886179,Struggling,Decrease Difficulty
poxamteus#1254265,Struggling,Decrease Difficulty
5WHYYY,Struggling,Decrease Difficulty
hamis254-yt#2657177,Struggling,Decrease Difficulty
Superzits,Overperforming,Increase Difficulty
abovereal#9308272,Struggling,Decrease Difficulty
KnaidelFrog8647#2971755,Balanced,Keep Difficulty Same
Skelevra#2429467,Overperforming,Increase Difficulty
mito2019jos#3787468,Struggling,Decrease Difficulty
皇爷#6872041,Struggling,Decrease Difficulty
BILLZBUBS#1889472,Struggling,Decrease Difficulty
DarkSoul#4443404,Struggling,Decrease Difficulty
JessXpress#4530800,Balanced,Keep Difficulty Same
ob-LIV-iouzZ#1836526,Struggling,Decrease Difficulty
Xean_Vayns,Balanced,Keep Difficulty Same
MDUBES123#9117916,Struggling,Decrease Difficulty
Juulian Edelman#1223821,Overperforming,Increase Difficulty
Adalwolf#5150248,Balanced,Keep Difficulty Same
r_bamf_t,Balanced,Keep Difficulty Same
PlungerFace7987#6850818,Balanced,Keep Difficulty Same
AdaoBMF,Balanced,Keep Difficulty Same
stickos#1415761,Balanced,Keep Difficulty Same
megarock#6193226,Struggling,Decrease Difficulty
H20keven#4917798,Balanced,Keep Difficulty Same
Ninjadamorte#5255369,Struggling,Decrease Difficulty
soyanede#8135289,Struggling,Decrease Difficulty
Kon-Jack13#7310706,Struggling,Decrease Difficulty
Sanaxz,Struggling,Decrease Difficulty
Zer0Her0#6945836,Overperforming,Increase Difficulty
Balu1331#3753963,Struggling,Decrease Difficulty
ANMacNK8872#8823422,Struggling,Decrease Difficulty
QtDxsn#5676261,Struggling,Decrease Difficulty
AlienTiddyMalk#4329082,Overperforming,Increase Difficulty
nico03_sk#4040854,Balanced,Keep Difficulty Same
migue_mak#9785803,Balanced,Keep Difficulty Same
Tony Montana#2778821,Struggling,Decrease Difficulty
thukiddo#3056630,Balanced,Keep Difficulty Same
Vader_fan2#3665167,Balanced,Keep Difficulty Same
Czarsky#1002222,Overperforming,Increase Difficulty
Soyuzzz#2655213,Struggling,Decrease Difficulty
egwarsk24#4486045,Balanced,Keep Difficulty Same
Groovytony9#6563440,Struggling,Decrease Difficulty
Karl LaFlame#4446419,Struggling,Decrease Difficulty
Roop#2734764,Overperforming,Increase Difficulty
Booty_patrol12,Balanced,Keep Difficulty Same
halcomb#2868353,Balanced,Keep Difficulty Same
fartbox#3535145,Struggling,Decrease Difficulty
Delicious#8777454,Overperforming,Increase Difficulty
WhiteNeko#3899778,Struggling,Decrease Difficulty
MALAGITA99A#6166325,Struggling,Decrease Difficulty
TinRyley#5192431,Struggling,Decrease Difficulty
rossee-prefixal#3061906,Struggling,Decrease Difficulty
ZonatePrince903#1147039,Balanced,Keep Difficulty Same
DDayNW,Struggling,Decrease Difficulty
Brough#4874228,Balanced,Keep Difficulty Same
PPlayer#5584433,Struggling,Decrease Difficulty
Garkaa009#3787325,Struggling,Decrease Difficulty
女乔#6324320,Struggling,Decrease Difficulty
XXL CMac#6754078,Overperforming,Increase Difficulty
Thek1224#7042438,Struggling,Decrease Difficulty
BobbyLightKiller#4483605,Overperforming,Increase Difficulty
mod-ray0#7982777,Balanced,Keep Difficulty Same
Coby#5244803,Overperforming,Increase Difficulty
alrightbuh97,Balanced,Keep Difficulty Same
StillJoJoLiving#5676486,Balanced,Keep Difficulty Same
한조#6598141,Struggling,Decrease Difficulty
Take_Ur_Toes#8370051,Balanced,Keep Difficulty Same
universe_52#9038410,Balanced,Keep Difficulty Same
L9Nx TED#8865336,Overperforming,Increase Difficulty
AllGirlsTheSame#4862017,Balanced,Keep Difficulty Same
TheBlackhart362#5119297,Struggling,Decrease Difficulty
gunrunner206,Balanced,Keep Difficulty Same
Sebu001#4800644,Balanced,Keep Difficulty Same
Vanila Concha#2298923,Balanced,Keep Difficulty Same
MrKatz#1741396,Balanced,Keep Difficulty Same
shoozy1122#5373905,Balanced,Keep Difficulty Same
Bacon780,Balanced,Keep Difficulty Same
Nacho libre7733#4783366,Struggling,Decrease Difficulty
LaTeR_KiD-_-#5158276,Struggling,Decrease Difficulty
Stirx#3244159,Struggling,Decrease Difficulty
drake27126#1689726,Balanced,Keep Difficulty Same
UFA#8125635,Overperforming,Increase Difficulty
Sathurakunndy#5935498,Overperforming,Increase Difficulty
anouNL#5405149,Struggling,Decrease Difficulty
7sen#9847407,Overperforming,Increase Difficulty
Aeztka#2790735,Balanced,Keep Difficulty Same
jtfindley#8503126,Balanced,Keep Difficulty Same
zarakii___kh#3119584,Struggling,Decrease Difficulty
angeloH-Oj#1401198,Struggling,Decrease Difficulty
zounait22#1342505,Struggling,Decrease Difficulty
Wankpants#1335633,Struggling,Decrease Difficulty
KaJlAcKa#3818704,Balanced,Keep Difficulty Same
dannybeyer14#9862072,Struggling,Decrease Difficulty
Ucl-Markirre01#1052835,Struggling,Decrease Difficulty
Frost_wreek#4831617,Struggling,Decrease Difficulty
milesfarstjapan,Balanced,Keep Difficulty Same
xXnutmaster69Xx#7768855,Overperforming,Increase Difficulty
Sungis#1306605,Balanced,Keep Difficulty Same
Christian24Ramos#9910128,Struggling,Decrease Difficulty
Frogwitagingeral#3214917,Overperforming,Increase Difficulty
Seven_7_Sette#7128191,Balanced,Keep Difficulty Same
Tofu#8477339,Balanced,Keep Difficulty Same
Piramide33#4230704,Balanced,Keep Difficulty Same
killb#2442471,Overperforming,Increase Difficulty
GOTCHEEEZE,Balanced,Keep Difficulty Same
Borat Sagdiyev#6161383,Balanced,Keep Difficulty Same
valogaa#8941860,Balanced,Keep Difficulty Same
TTVTeddyTurtle#7845467,Balanced,Keep Difficulty Same
So7e#8934771,Struggling,Decrease Difficulty
teitatz,Overperforming,Increase Difficulty
shaunabiss81#9226082,Struggling,Decrease Difficulty
XPFDGC#8903897,Struggling,Decrease Difficulty
shifaz7000#1656799,Struggling,Decrease Difficulty
Eximious#1376551,Struggling,Decrease Difficulty
marounk2006#7232596,Balanced,Keep Difficulty Same
Stone Island#4702149,Struggling,Decrease Difficulty
mqsnvro#2530705,Balanced,Keep Difficulty Same
A4Rain,Struggling,Decrease Difficulty
dede_tny#5783541,Struggling,Decrease Difficulty
mshoo6_#5590774,Balanced,Keep Difficulty Same
Iboprofen#2165173,Overperforming,Increase Difficulty
GTX-SK8#6905609,Struggling,Decrease Difficulty
djdmadden#6041982,Struggling,Decrease Difficulty
mck0523#7387469,Balanced,Keep Difficulty Same
bawelin,Struggling,Decrease Difficulty
TrippyChimp#5791157,Struggling,Decrease Difficulty
Raid shot#7045233,Struggling,Decrease Difficulty
Danger1248#2056031,Struggling,Decrease Difficulty
Jmac442#4874565,Overperforming,Increase Difficulty
SalamiMami_#5211775,Balanced,Keep Difficulty Same
haywire1865#9248665,Struggling,Decrease Difficulty
RejjieGreen#1886504,Struggling,Decrease Difficulty
CaptainZgeg02#4923298,Overperforming,Increase Difficulty
Keytwo#5470460,Struggling,Decrease Difficulty
K9Dutts#7925686,Balanced,Keep Difficulty Same
moltron7#4997705,Overperforming,Increase Difficulty
chadneel,Struggling,Decrease Difficulty
DecidedRock,Overperforming,Increase Difficulty
sorminator21#6256349,Balanced,Keep Difficulty Same
shapperd,Struggling,Decrease Difficulty
Azalid#6015787,Balanced,Keep Difficulty Same
KingShennyBoi#8621592,Struggling,Decrease Difficulty
KOMMA#4075165,Overperforming,Increase Difficulty
raquel_fer14#1560990,Balanced,Keep Difficulty Same
Lawless_Fishing#9645752,Overperforming,Increase Difficulty
Tracy#1023014,Balanced,Keep Difficulty Same
Q7 X1#4245598,Balanced,Keep Difficulty Same
o-Blasphemy-o#8083773,Balanced,Keep Difficulty Same
itayabu2008#9561132,Struggling,Decrease Difficulty
Safaera#2909646,Struggling,Decrease Difficulty
Puddnchoices#1551489,Balanced,Keep Difficulty Same
Rapmonster1219#8747888,Struggling,Decrease Difficulty
Rostty#9619528,Balanced,Keep Difficulty Same
Manly#7180326,Struggling,Decrease Difficulty
ElPerdoo1#9321863,Overperforming,Increase Difficulty
LXC#5285462,Balanced,Keep Difficulty Same
Koochie Man#7877971,Overperforming,Increase Difficulty
Piloto_433#5170371,Struggling,Decrease Difficulty
jameroX11#6027613,Overperforming,Increase Difficulty
Polska-627#4795172,Struggling,Decrease Difficulty
PilotEnzym#5758247,Balanced,Keep Difficulty Same
VooDoo#2781505,Overperforming,Increase Difficulty
Flagman99#4814872,Struggling,Decrease Difficulty
k-langawi7#6514926,Balanced,Keep Difficulty Same
rudy#7496286,Struggling,Decrease Difficulty
Hacca137#5428172,Struggling,Decrease Difficulty
onizuukaaaa_89#7528061,Balanced,Keep Difficulty Same
fountas#7300710,Struggling,Decrease Difficulty
DoubleTap#2520142,Overperforming,Increase Difficulty
Raderzzz,Balanced,Keep Difficulty Same
Ariakos#7415390,Struggling,Decrease Difficulty
e30Collective#1243894,Balanced,Keep Difficulty Same
babyjeezus450#5870895,Balanced,Keep Difficulty Same
Wolfgang1107861#1728706,Struggling,Decrease Difficulty
Bandziorek93#7277330,Balanced,Keep Difficulty Same
HerrCron#9655126,Struggling,Decrease Difficulty
JurassicGamer91#5409971,Balanced,Keep Difficulty Same
Wicked_Mane#9427167,Balanced,Keep Difficulty Same
aram_wamderswoos#1278486,Overperforming,Increase Difficulty
TSM_myth#1413212,Balanced,Keep Difficulty Same
XxStreetCrazyxX#9385139,Balanced,Keep Difficulty Same
korrtana#4974478,Struggling,Decrease Difficulty
BzS_Boa#6993633,Balanced,Keep Difficulty Same
黒の孤高剣士直樹#5756180,Struggling,Decrease Difficulty
anon74454331#3947599,Balanced,Keep Difficulty Same
Thanatophobia#1979472,Balanced,Keep Difficulty Same
BrooklynKiller6#4810018,Balanced,Keep Difficulty Same
DAHARIS#4735292,Struggling,Decrease Difficulty
YAMAHA YZ426661#7536394,Balanced,Keep Difficulty Same
yo dads jiblits#2597868,Balanced,Keep Difficulty Same
Ciroques#6874340,Balanced,Keep Difficulty Same
LongMeat#2339613,Overperforming,Increase Difficulty
RishiP5721#3039219,Struggling,Decrease Difficulty
The Pool Boy#8399508,Overperforming,Increase Difficulty
KlutchHands#2993205,Balanced,Keep Difficulty Same
HansenSchimp#1490405,Struggling,Decrease Difficulty
alfrer1988#3053943,Balanced,Keep Difficulty Same
Melisaac219#1486931,Balanced,Keep Difficulty Same
GuilleJuega#8934571,Struggling,Decrease Difficulty
Kirito#3575656,Overperforming,Increase Difficulty
KCVenom#8740382,Struggling,Decrease Difficulty
Ireeek,Overperforming,Increase Difficulty
Craftynose40777#2757699,Balanced,Keep Difficulty Same
youngmajesty98,Overperforming,Increase Difficulty
TrouterSKnYt#4602117,Struggling,Decrease Difficulty
showside_#5042548,Struggling,Decrease Difficulty
serpentar09#2362538,Struggling,Decrease Difficulty
Lyrypaine#2330060,Struggling,Decrease Difficulty
whk1x9P_Bandit#8983724,Balanced,Keep Difficulty Same
sil3ntsTrApredot#1831926,Struggling,Decrease Difficulty
Taxor#8246509,Struggling,Decrease Difficulty
narctick#1613826,Struggling,Decrease Difficulty
keff link#4337661,Balanced,Keep Difficulty Same
Penetrius#8638631,Balanced,Keep Difficulty Same
Prime 0117#7592199,Overperforming,Increase Difficulty
mevij,Struggling,Decrease Difficulty
Delmarpr#8997918,Overperforming,Increase Difficulty
dopexpope#4213653,Balanced,Keep Difficulty Same
Thebigdog7462#8284483,Overperforming,Increase Difficulty
goodgoodjones17#1655197,Struggling,Decrease Difficulty
JustinRD20#1851008,Struggling,Decrease Difficulty
fxttvpanther3#1976678,Balanced,Keep Difficulty Same
nikmaou#3017044,Struggling,Decrease Difficulty
BURLEYxRAGE#8200010,Balanced,Keep Difficulty Same
teentwin92#2756054,Struggling,Decrease Difficulty
IcyFlames11166#5656605,Balanced,Keep Difficulty Same
OP_royale_king_-#1785466,Balanced,Keep Difficulty Same
rockpapersizors#5637912,Balanced,Keep Difficulty Same
VID3M0N10#3361918,Struggling,Decrease Difficulty
Donz#3280133,Struggling,Decrease Difficulty
BlueWolf4211886#9100044,Balanced,Keep Difficulty Same
zEnsar01#7593756,Balanced,Keep Difficulty Same
elpapi#4558050,Balanced,Keep Difficulty Same
mcguffco#8853143,Balanced,Keep Difficulty Same
xXCamzzXx#2733974,Balanced,Keep Difficulty Same
bliss-base6#4483124,Balanced,Keep Difficulty Same
brittbritt5550#5660546,Struggling,Decrease Difficulty
tkm_tkm0117#3413893,Balanced,Keep Difficulty Same
UrBaDKiD400#7434978,Balanced,Keep Difficulty Same
TELLEZrene#6975462,Struggling,Decrease Difficulty
Jeremy#8492536,Overperforming,Increase Difficulty
三哥哥#4932374,Balanced,Keep Difficulty Same
NRGY_R4yKo#8537913,Overperforming,Increase Difficulty
HappyRogue#9616566,Struggling,Decrease Difficulty
HaWk Edgi#5528527,Balanced,Keep Difficulty Same
Xx-Shikar-xX#5092749,Struggling,Decrease Difficulty
fabite69#7901050,Struggling,Decrease Difficulty
Hoanbeo1#8013826,Balanced,Keep Difficulty Same
HeadyLife1994#2793936,Overperforming,Increase Difficulty
09771#8158362,Balanced,Keep Difficulty Same
malecki22#1484265,Balanced,Keep Difficulty Same
Armiiin#4020761,Struggling,Decrease Difficulty
Wong Fei Hung#1012391,Overperforming,Increase Difficulty
mariegemini89#5764209,Overperforming,Increase Difficulty
The Flaping#2631935,Balanced,Keep Difficulty Same
Brebispoemedu70#2483211,Struggling,Decrease Difficulty
jdse85#8748958,Struggling,Decrease Difficulty
NTMR_fruitpunch#9317993,Overperforming,Increase Difficulty
ALI#3610904,Struggling,Decrease Difficulty
X2austin#8173786,Struggling,Decrease Difficulty
Gucci#6575861,Balanced,Keep Difficulty Same
leomars,Overperforming,Increase Difficulty
kickin chicken#7418150,Balanced,Keep Difficulty Same
honimagic9#6459716,Balanced,Keep Difficulty Same
FlamingStarr#8074319,Struggling,Decrease Difficulty
Uber Honan#6735836,Struggling,Decrease Difficulty
JaySoxB#3981341,Struggling,Decrease Difficulty
Kosegud#1427732,Balanced,Keep Difficulty Same
Its Biscuits#5585004,Balanced,Keep Difficulty Same
boondoks_gang#3234092,Balanced,Keep Difficulty Same
Rousing king#7909388,Struggling,Decrease Difficulty
rewritvce#9727051,Struggling,Decrease Difficulty
Comethazine2#2082114,Balanced,Keep Difficulty Same
SB Tinman#1616636,Overperforming,Increase Difficulty
MilesMoraIes-EYE#8265386,Balanced,Keep Difficulty Same
Killer G69#5297378,Struggling,Decrease Difficulty
jhonbm22#8865268,Struggling,Decrease Difficulty
Kurumi#4230690,Balanced,Keep Difficulty Same
Métafion#2551843,Struggling,Decrease Difficulty
SlibzGraphics#1372425,Struggling,Decrease Difficulty
majortogoated#7119619,Struggling,Decrease Difficulty
KwamePantii#1066118,Balanced,Keep Difficulty Same
jonathanmanon220#3548628,Balanced,Keep Difficulty Same
jlmguillo,Struggling,Decrease Difficulty
ghostyagirl3#9163370,Struggling,Decrease Difficulty
martinarias9421#9309833,Struggling,Decrease Difficulty
Securing Delta#1550808,Balanced,Keep Difficulty Same
Emilklosek#9185467,Struggling,Decrease Difficulty
Changon boy90#2978138,Balanced,Keep Difficulty Same
Shisui#2895584,Overperforming,Increase Difficulty
Tannerjohn#3223559,Overperforming,Increase Difficulty
sargentdeathdog#9460804,Overperforming,Increase Difficulty
AOWILLIAMS27#7130489,Balanced,Keep Difficulty Same
igiveuplove#7198359,Struggling,Decrease Difficulty
renMX12#2286782,Struggling,Decrease Difficulty
david_10_94#7544769,Struggling,Decrease Difficulty
TheSchu689,Balanced,Keep Difficulty Same
oskyyy22#2225800,Balanced,Keep Difficulty Same
bigsayo149#5926316,Balanced,Keep Difficulty Same
Super-Tosto69#8537760,Overperforming,Increase Difficulty
Juss_Luis#1699869,Struggling,Decrease Difficulty
peppe22-Giacomov#8144844,Struggling,Decrease Difficulty
Murat_avc#2841118,Balanced,Keep Difficulty Same
Peppermint#6876926,Balanced,Keep Difficulty Same
BBMGANG#7450269,Struggling,Decrease Difficulty
Scottyboyrocker#1838702,Overperforming,Increase Difficulty
iyad47#5236546,Balanced,Keep Difficulty Same
Bad-Company-01#7605344,Balanced,Keep Difficulty Same
eslenderman53_88#5533866,Struggling,Decrease Difficulty
Charlie36640#1089090,Struggling,Decrease Difficulty
aboelnagakareem_#5123633,Overperforming,Increase Difficulty
Maisaa 5#6513450,Struggling,Decrease Difficulty
GoodBoy45644#2367630,Balanced,Keep Difficulty Same
SlivkiShowDE#7394417,Balanced,Keep Difficulty Same
Brandon23mbraigl#8315348,Struggling,Decrease Difficulty
Nicl#3787901,Struggling,Decrease Difficulty
BSE Diplex12#3553140,Balanced,Keep Difficulty Same
catchy_pod1#3099664,Balanced,Keep Difficulty Same
treras17-alberto#1406383,Struggling,Decrease Difficulty
ThrownSquash651#2573613,Struggling,Decrease Difficulty
vert#9567407,Struggling,Decrease Difficulty
usmigal66#6816012,Struggling,Decrease Difficulty
BattlePants#7047267,Struggling,Decrease Difficulty
f-xc56#1900417,Struggling,Decrease Difficulty
Mastter P#2864394,Balanced,Keep Difficulty Same
Maniel#7923329,Struggling,Decrease Difficulty
caixukun#9277516,Struggling,Decrease Difficulty
CeCtyri#6968314,Struggling,Decrease Difficulty
FBCK-XENO#2351550,Struggling,Decrease Difficulty
CrazyDogg85#4990548,Balanced,Keep Difficulty Same
II Wartaken II#8674285,Overperforming,Increase Difficulty
wineo_3#7687787,Struggling,Decrease Difficulty
z_SqEzY_z,Balanced,Keep Difficulty Same
NeoDCUK#1890144,Balanced,Keep Difficulty Same
StellaLuna#8897521,Overperforming,Increase Difficulty
GUCCI_PANDA69696#6731819,Struggling,Decrease Difficulty
InstantNitro#1464389,Struggling,Decrease Difficulty
Resalim#7186697,Balanced,Keep Difficulty Same
MMYSKILLZ9#2398417,Balanced,Keep Difficulty Same
A7-RM7#8021103,Balanced,Keep Difficulty Same
alexgm_swc#5774255,Struggling,Decrease Difficulty
Mugolden2706#1468055,Balanced,Keep Difficulty Same
Zappe98#5677797,Balanced,Keep Difficulty Same
xXSilverRazorXx,Balanced,Keep Difficulty Same
Mr_B4RBAR1AN#3106110,Balanced,Keep Difficulty Same
LynnD28#7686309,Struggling,Decrease Difficulty
mandingo pp#1387340,Balanced,Keep Difficulty Same
momo#9356495,Struggling,Decrease Difficulty
Isaacgh_64#9153190,Struggling,Decrease Difficulty
Persian Don#8581151,Struggling,Decrease Difficulty
Rava14,Struggling,Decrease Difficulty
Tico666#2179290,Balanced,Keep Difficulty Same
Philitup#4710379,Overperforming,Increase Difficulty
MaverickMexican,Overperforming,Increase Difficulty
IM GAY DADDY#7173728,Struggling,Decrease Difficulty
rabarinel#2474159,Struggling,Decrease Difficulty
MeadowsHands#7292359,Struggling,Decrease Difficulty
dannielito gg#1828243,Balanced,Keep Difficulty Same
NULL_BOX#8325431,Balanced,Keep Difficulty Same
OopsThatzYoAzz#5141940,Balanced,Keep Difficulty Same
FLAMINGSKULL914#2547678,Balanced,Keep Difficulty Same
anon35772437#5533250,Struggling,Decrease Difficulty
camiloColombia98#6574522,Struggling,Decrease Difficulty
teamrunit1989,Balanced,Keep Difficulty Same
me_em16g#3599853,Balanced,Keep Difficulty Same
Lettice#8092253,Struggling,Decrease Difficulty
scrappy-tapioca#5495538,Balanced,Keep Difficulty Same
yamaha101101#9675698,Struggling,Decrease Difficulty
JonasTjapech#1674057,Struggling,Decrease Difficulty
ThG1#4161657,Struggling,Decrease Difficulty
Killabone1198#8731481,Struggling,Decrease Difficulty
t1g_0le_bitties#5424325,Balanced,Keep Difficulty Same
Miguelillo3945#2220126,Struggling,Decrease Difficulty
GhostSorry#7214420,Balanced,Keep Difficulty Same
CH1LL3V#5957400,Struggling,Decrease Difficulty
IRKUS7125#4280617,Balanced,Keep Difficulty Same
xancito__#7289912,Struggling,Decrease Difficulty
UCD_281771416519uYRhqsfRpHGKejDmgnRU,Struggling,Decrease Difficulty
FunkyPants#6026422,Struggling,Decrease Difficulty
ratatamignon#6228965,Struggling,Decrease Difficulty
FivesTv_KimDamZ#6406760,Balanced,Keep Difficulty Same
nvalex#2099059,Struggling,Decrease Difficulty
KerKzy0#9959551,Struggling,Decrease Difficulty
anon87032542#8972576,Balanced,Keep Difficulty Same
Soilder_1947#9882768,Struggling,Decrease Difficulty
Jamil12345678901#7197038,Balanced,Keep Difficulty Same
mikeyflores126#6025982,Struggling,Decrease Difficulty
evo_64,Overperforming,Increase Difficulty
GUGLOSS#6116264,Balanced,Keep Difficulty Same
Crossie666,Balanced,Keep Difficulty Same
GearHeadBabe4#7473213,Balanced,Keep Difficulty Same
RZT_Cobrak#8158484,Struggling,Decrease Difficulty
dawud_12345#9677632,Balanced,Keep Difficulty Same
RedFury235#7950763,Balanced,Keep Difficulty Same
gdkrocks#4169293,Balanced,Keep Difficulty Same
ScottSchwagga#1139381,Balanced,Keep Difficulty Same
Ikertzi#8150135,Struggling,Decrease Difficulty
FoggierMedusa69#3061626,Struggling,Decrease Difficulty
Waxe#1882793,Struggling,Decrease Difficulty
BigGunzGaming,Overperforming,Increase Difficulty
OlavFlame1#2959388,Struggling,Decrease Difficulty
anon86810858#8992359,Balanced,Keep Difficulty Same
bunko#4332953,Struggling,Decrease Difficulty
Emilio_MX106#5573019,Balanced,Keep Difficulty Same
Jackgww#2602384,Struggling,Decrease Difficulty
user31544026#8979392,Overperforming,Increase Difficulty
xD_clapped3#7692062,Struggling,Decrease Difficulty
zalupendrikos#3724105,Struggling,Decrease Difficulty
fatmanbrad,Overperforming,Increase Difficulty
h4nna20#7670760,Balanced,Keep Difficulty Same
Dami010#1498325,Balanced,Keep Difficulty Same
Sourmilk176143#7076893,Struggling,Decrease Difficulty
GcTACO#8171226,Struggling,Decrease Difficulty
PsychoAbdul#1841770,Balanced,Keep Difficulty Same
Tiny man#7109151,Balanced,Keep Difficulty Same
SoleBuffalo#5539720,Struggling,Decrease Difficulty
Beefmaker#3697912,Balanced,Keep Difficulty Same
Ray_Moe21#9874862,Balanced,Keep Difficulty Same
snave#6053670,Balanced,Keep Difficulty Same
bdabliu#7170816,Struggling,Decrease Difficulty
Alex Garza 28#7025127,Balanced,Keep Difficulty Same
Btothatizzle#8019314,Struggling,Decrease Difficulty
Veenadouu#2734479,Overperforming,Increase Difficulty
alias_regroupe#5107968,Struggling,Decrease Difficulty
kilo1891#2929679,Balanced,Keep Difficulty Same
sappyasian#6143245,Struggling,Decrease Difficulty
Tim586#7533989,Balanced,Keep Difficulty Same
drummersweg#7059888,Struggling,Decrease Difficulty
shanhe#9830930,Balanced,Keep Difficulty Same
SisterlyConch13#4444136,Struggling,Decrease Difficulty
TigerCrazy_1285#5616126,Struggling,Decrease Difficulty
byos#1375820,Balanced,Keep Difficulty Same
p_gluszek#6717119,Balanced,Keep Difficulty Same
Diablo-Deo#4569430,Struggling,Decrease Difficulty
White#5231165,Struggling,Decrease Difficulty
alone55,Balanced,Keep Difficulty Same
TiTcon57100#8450726,Balanced,Keep Difficulty Same
ChrisFarleyMyDad#6246082,Overperforming,Increase Difficulty
Kevin#9770267,Balanced,Keep Difficulty Same
brice2644#8781206,Balanced,Keep Difficulty Same
stayhighmaine#5752318,Balanced,Keep Difficulty Same
Vedad_Arnad0911#7614644,Struggling,Decrease Difficulty
bermeaz04#3972912,Struggling,Decrease Difficulty
瘋狂貓咪#8562444,Struggling,Decrease Difficulty
giannisAK47#8919671,Struggling,Decrease Difficulty
PantherD1943#7584942,Overperforming,Increase Difficulty
VaffelKake-Ante#5011654,Struggling,Decrease Difficulty
Kamdoggie15,Balanced,Keep Difficulty Same
TheKingTino#5989048,Struggling,Decrease Difficulty
APPLEBOI#7116787,Balanced,Keep Difficulty Same
eltonberg05#9717480,Balanced,Keep Difficulty Same
LuisHlic96#8035230,Balanced,Keep Difficulty Same
Jehuz26#3737738,Struggling,Decrease Difficulty
warnickbigmac#5054659,Balanced,Keep Difficulty Same
daniil8103#9950018,Struggling,Decrease Difficulty
Maxwell_TeamZ#8985174,Balanced,Keep Difficulty Same
Ehunt08#1909834,Balanced,Keep Difficulty Same
mindful-hod9#7365393,Balanced,Keep Difficulty Same
saurimahrez26#7676529,Struggling,Decrease Difficulty
climpo#2643646,Struggling,Decrease Difficulty
god69#4825787,Balanced,Keep Difficulty Same
angry-papa78#6726106,Struggling,Decrease Difficulty
Mr Noodle8025#7870983,Balanced,Keep Difficulty Same
Gordin_Teddy#9047259,Balanced,Keep Difficulty Same
ArchCowell_47#2919731,Struggling,Decrease Difficulty
BIGxxBEEFY#6501226,Overperforming,Increase Difficulty
humble-motor8#8365266,Balanced,Keep Difficulty Same
GodisAntisocial-#6796128,Struggling,Decrease Difficulty
Goochmaster67#7360749,Balanced,Keep Difficulty Same
viibxes#5539431,Balanced,Keep Difficulty Same
CYBORGMARS#2479779,Balanced,Keep Difficulty Same
weicheng#4622530,Struggling,Decrease Difficulty
Twizz#2848729,Balanced,Keep Difficulty Same
고곰#9543189,Struggling,Decrease Difficulty
Metro#4177343,Overperforming,Increase Difficulty
Suspe#2410971,Struggling,Decrease Difficulty
hopheitlala#1099242,Balanced,Keep Difficulty Same
BGN_samir 777#1803305,Balanced,Keep Difficulty Same
pandoum62#2508737,Overperforming,Increase Difficulty
SirMerlock,Balanced,Keep Difficulty Same
Rumham#2788307,Struggling,Decrease Difficulty
Adder7866#8013049,Balanced,Keep Difficulty Same
Xx_silentman_xX,Struggling,Decrease Difficulty
daddyspankya,Overperforming,Increase Difficulty
matyaslalo#1935142,Balanced,Keep Difficulty Same
xxchosinRakkxx#5922509,Balanced,Keep Difficulty Same
tbenner29#3379325,Struggling,Decrease Difficulty
classy_sparkler5#4520804,Struggling,Decrease Difficulty
De_dusty2,Overperforming,Increase Difficulty
PriZMatiK#8058359,Overperforming,Increase Difficulty
xINZANIITYx#7400600,Balanced,Keep Difficulty Same
City_Streets7723#5909611,Balanced,Keep Difficulty Same
JessHere,Balanced,Keep Difficulty Same
carlitospower28#2002488,Struggling,Decrease Difficulty
ChungusIzKool#2204786,Balanced,Keep Difficulty Same
gh569#1853417,Struggling,Decrease Difficulty
tob1xx#6944199,Struggling,Decrease Difficulty
DEUX#9050776,Struggling,Decrease Difficulty
alg_davide07#7413305,Struggling,Decrease Difficulty
IrishCanelo#9737576,Struggling,Decrease Difficulty
MayhemxChicx#6936296,Balanced,Keep Difficulty Same
NecsarYT#8577489,Balanced,Keep Difficulty Same
CleanX#3032190,Balanced,Keep Difficulty Same
thefazecrew,Balanced,Keep Difficulty Same
XxX NeMeSi5 XxX#3680994,Balanced,Keep Difficulty Same
arunmanu#2759013,Struggling,Decrease Difficulty
saomiggaz#1009037,Struggling,Decrease Difficulty
IMRTLxJonty#8668579,Overperforming,Increase Difficulty
nahum624#8891131,Struggling,Decrease Difficulty
gustavo#9367850,Struggling,Decrease Difficulty
stricklyprickly3#2167110,Balanced,Keep Difficulty Same
kippax#1107796,Struggling,Decrease Difficulty
Rasen#1210295,Balanced,Keep Difficulty Same
ElSAAND OLAF08#1982865,Balanced,Keep Difficulty Same
R4Z0R97#5984737,Struggling,Decrease Difficulty
nizz_ma_killa-_#7990283,Balanced,Keep Difficulty Same
sniper_k20k20#1436566,Struggling,Decrease Difficulty
DON RAMON#5855416,Overperforming,Increase Difficulty
Joluco#8115404,Struggling,Decrease Difficulty
MrShivers19#2640700,Balanced,Keep Difficulty Same
visitingaton#2762588,Balanced,Keep Difficulty Same
ShadowDragon#7799867,Struggling,Decrease Difficulty
QnHx#8894407,Balanced,Keep Difficulty Same
justdontkare69#9541254,Struggling,Decrease Difficulty
tacomanneedscash,Struggling,Decrease Difficulty
ElvictorManxdxd#7325560,Balanced,Keep Difficulty Same
sting#9500304,Struggling,Decrease Difficulty
JOSUERC4348#5680567,Balanced,Keep Difficulty Same
thedroperk12#4340157,Balanced,Keep Difficulty Same
Aust1n#9602011,Balanced,Keep Difficulty Same
drmikey1988#3051561,Overperforming,Increase Difficulty
WildPants#5497212,Struggling,Decrease Difficulty
FawnBird7116937#2824379,Struggling,Decrease Difficulty
derrickrose1254,Struggling,Decrease Difficulty
DrunkenMonkey127#2712941,Overperforming,Increase Difficulty
diosflorentino,Balanced,Keep Difficulty Same
GeemozB#7637740,Balanced,Keep Difficulty Same
YT GiggyFN#1508241,Struggling,Decrease Difficulty
botboy04#2753501,Struggling,Decrease Difficulty
barcaaziz66#9762814,Struggling,Decrease Difficulty
kondreras#5960820,Balanced,Keep Difficulty Same
Hopesy#8511209,Balanced,Keep Difficulty Same
Swishe#9214939,Balanced,Keep Difficulty Same
Squirrel_bane#2884402,Struggling,Decrease Difficulty
yOuNgFlAsHy13#7260729,Balanced,Keep Difficulty Same
KevnT96#2687015,Struggling,Decrease Difficulty
OOelesmki#6492275,Overperforming,Increase Difficulty
Mythics#7398125,Struggling,Decrease Difficulty
Dreaper88,Balanced,Keep Difficulty Same
dupeng01#8456217,Struggling,Decrease Difficulty
ZelDoniy#4776049,Struggling,Decrease Difficulty
HydroChronic230#2393448,Struggling,Decrease Difficulty
RodmaN11#2102081,Balanced,Keep Difficulty Same
Mugi13012#9674547,Struggling,Decrease Difficulty
aksh_Jonas#2124745,Balanced,Keep Difficulty Same
nohablo18#3422628,Balanced,Keep Difficulty Same
bro#6308926,Overperforming,Increase Difficulty
_Loki_23#6617235,Balanced,Keep Difficulty Same
HiBeyt0#1356863,Balanced,Keep Difficulty Same
XxAssassinxX533#3875206,Struggling,Decrease Difficulty
OriginalPlan803#3502270,Balanced,Keep Difficulty Same
WordedSplash645#2996351,Balanced,Keep Difficulty Same
boy#8691728,Struggling,Decrease Difficulty
belkasonic#2695195,Struggling,Decrease Difficulty
howiewie#6014252,Balanced,Keep Difficulty Same
drafjuandraf#3709128,Struggling,Decrease Difficulty
tangui77470#6191906,Struggling,Decrease Difficulty
PiggyAlabamaRay#7732908,Balanced,Keep Difficulty Same
X_JoE_AuGeR_X#1750332,Overperforming,Increase Difficulty
Attt_nets#8701786,Balanced,Keep Difficulty Same
MustangJ87#8996051,Balanced,Keep Difficulty Same
THE 24 EL#5413562,Balanced,Keep Difficulty Same
kingslayer#9285345,Struggling,Decrease Difficulty
Ares#3781625,Balanced,Keep Difficulty Same
XxCdot214xX#2257860,Overperforming,Increase Difficulty
igiova02#2392799,Balanced,Keep Difficulty Same
Kryptotrik#8679397,Balanced,Keep Difficulty Same
MaddHatterJu#7368140,Struggling,Decrease Difficulty
FlukKIKI#6100275,Balanced,Keep Difficulty Same
hxhxhx6666#6376629,Balanced,Keep Difficulty Same
anon61425166#7351359,Struggling,Decrease Difficulty
Ragnar_Lodbrok#4477458,Overperforming,Increase Difficulty
Spikeyfish6091#3962410,Struggling,Decrease Difficulty
Killergeek3#9261632,Struggling,Decrease Difficulty
Mad Hatter#6815873,Overperforming,Increase Difficulty
MightyElf#6036552,Struggling,Decrease Difficulty
RossBief#6435617,Balanced,Keep Difficulty Same
kmeeki#8313944,Struggling,Decrease Difficulty
charlesheaden2#9757435,Struggling,Decrease Difficulty
Gametime11292018#5407888,Struggling,Decrease Difficulty
Tomfoot7,Struggling,Decrease Difficulty
LoceYs#4006813,Struggling,Decrease Difficulty
Emiliano8555#8077227,Struggling,Decrease Difficulty
user92063806#5076850,Balanced,Keep Difficulty Same
JDTWISTIE#4248520,Struggling,Decrease Difficulty
Tokorozawa#7411094,Struggling,Decrease Difficulty
quattro39#6099528,Balanced,Keep Difficulty Same
Yohane#7549751,Balanced,Keep Difficulty Same
Isnipeforfun#4394841,Balanced,Keep Difficulty Same
boehseronkel#7044344,Overperforming,Increase Difficulty
HermesShetCant#1567171,Balanced,Keep Difficulty Same
魔方的线性规划#6061613,Struggling,Decrease Difficulty
GLOMIMESS#6744363,Overperforming,Increase Difficulty
allenterranova#6251465,Balanced,Keep Difficulty Same
ThyagoPnP,Struggling,Decrease Difficulty
SnakeDr#1834707,Balanced,Keep Difficulty Same
你爸爸我叫特朗普#2075450,Struggling,Decrease Difficulty
Cedrakus#3618643,Balanced,Keep Difficulty Same
Jake07#9371257,Overperforming,Increase Difficulty
ABNKKBSNPLAko#9749274,Struggling,Decrease Difficulty
Hollie98x#8675077,Struggling,Decrease Difficulty
07999854292#2183402,Overperforming,Increase Difficulty
kingslab#9866125,Overperforming,Increase Difficulty
stakahashi1225#3900532,Balanced,Keep Difficulty Same
Roberkobe18#5251877,Struggling,Decrease Difficulty
hkbatman123,Balanced,Keep Difficulty Same
user37466875#9943111,Overperforming,Increase Difficulty
WKMXD#2427049,Struggling,Decrease Difficulty
Dave the Dike#4159984,Balanced,Keep Difficulty Same
l Wolvez l#9782060,Balanced,Keep Difficulty Same
Sposo933#6965738,Balanced,Keep Difficulty Same
BLACKRAIN1300#8566374,Balanced,Keep Difficulty Same
TomeX#3022633,Struggling,Decrease Difficulty
xArcTik#6300013,Overperforming,Increase Difficulty
afreitas98_2#5358099,Balanced,Keep Difficulty Same
jonny04schalke#4007444,Balanced,Keep Difficulty Same
vojta_h10#8059645,Balanced,Keep Difficulty Same
Med#1618290,Balanced,Keep Difficulty Same
Tony Salerno#3624786,Overperforming,Increase Difficulty
Bazyio#5614137,Balanced,Keep Difficulty Same
MILLERAO1998_963#6914796,Balanced,Keep Difficulty Same
borikuany,Balanced,Keep Difficulty Same
MikFar6#8960676,Struggling,Decrease Difficulty
MassAvengance#6441116,Struggling,Decrease Difficulty
killersd999#2082552,Struggling,Decrease Difficulty
MauroVarela1920#3656700,Struggling,Decrease Difficulty
relax72max#8163705,Struggling,Decrease Difficulty
DrAGoNoY994#8560005,Balanced,Keep Difficulty Same
Zartius#4215720,Struggling,Decrease Difficulty
sudz69#5416083,Struggling,Decrease Difficulty
MeesterBart1#6870825,Balanced,Keep Difficulty Same
Electriz12#9101101,Struggling,Decrease Difficulty
DNL_22daniel#9482967,Struggling,Decrease Difficulty
GlowingCarp9359#6406568,Struggling,Decrease Difficulty
Losvdx,Struggling,Decrease Difficulty
LT S3XY CRABS#5966372,Struggling,Decrease Difficulty
latifachy#2892784,Struggling,Decrease Difficulty
弧月すてらxTTV#9257100,Overperforming,Increase Difficulty
Splashman03#1385595,Overperforming,Increase Difficulty
LiNeXcL#6487285,Balanced,Keep Difficulty Same
terminetor06901#3825431,Struggling,Decrease Difficulty
FURY TIM#7296494,Struggling,Decrease Difficulty
Xx_Kimberly23_xX#1192580,Struggling,Decrease Difficulty
Spokninja#7021926,Overperforming,Increase Difficulty
Andrey34#6911692,Struggling,Decrease Difficulty
Vald Bagina#1013871,Overperforming,Increase Difficulty
AlmightyJaenoo#9037284,Balanced,Keep Difficulty Same
Ray_dagirl89#3734006,Struggling,Decrease Difficulty
Kanakaz8089451#6469160,Balanced,Keep Difficulty Same
rasmaster,Struggling,Decrease Difficulty
Alezo0393#6494280,Overperforming,Increase Difficulty
SirRah6IX#3275788,Struggling,Decrease Difficulty
ShadowMaster#7759491,Balanced,Keep Difficulty Same
Murilloblac23#6139511,Struggling,Decrease Difficulty
mange_moi_loring#8137613,Overperforming,Increase Difficulty
axon swivel#5472167,Struggling,Decrease Difficulty
GiorgiChakve187#6376862,Struggling,Decrease Difficulty
yigit_ikc35#1110562,Balanced,Keep Difficulty Same
TheSayon#1439410,Struggling,Decrease Difficulty
Chizy71#2541733,Balanced,Keep Difficulty Same
GOD#4789468,Struggling,Decrease Difficulty
exolo7#6690218,Balanced,Keep Difficulty Same
GweeGwee#4742158,Struggling,Decrease Difficulty
Tish_Unruly7#9773705,Balanced,Keep Difficulty Same
Guyver0ne#4357062,Struggling,Decrease Difficulty
arhu28#4679256,Struggling,Decrease Difficulty
CjDaGoat76#2812145,Balanced,Keep Difficulty Same
rosiezfire#5739343,Struggling,Decrease Difficulty
G4mepad,Balanced,Keep Difficulty Same
dslugger5#6447941,Balanced,Keep Difficulty Same
SkinnySkittleXD#1715443,Struggling,Decrease Difficulty
Bison03,Balanced,Keep Difficulty Same
Dogless#8907380,Struggling,Decrease Difficulty
Awareslo#1422878,Struggling,Decrease Difficulty
NOZOMI#4865590,Overperforming,Increase Difficulty
valdes239266#7072232,Struggling,Decrease Difficulty
Fernoo#6604406,Overperforming,Increase Difficulty
OmarCrod#6246802,Struggling,Decrease Difficulty
BobiNi88#7561641,Balanced,Keep Difficulty Same
aimanzainali#7869290,Balanced,Keep Difficulty Same
suabrah#7918723,Balanced,Keep Difficulty Same
PimGrin,Struggling,Decrease Difficulty
kylie_420s#5106851,Struggling,Decrease Difficulty
pulga-villano9#5196511,Struggling,Decrease Difficulty
jawook7#9085309,Balanced,Keep Difficulty Same
talal_507v#4856782,Struggling,Decrease Difficulty
Shorty#7091101,Overperforming,Increase Difficulty
Raigalia#7013346,Struggling,Decrease Difficulty
rickflymortis12#2911080,Balanced,Keep Difficulty Same
THE LEGEND#3260493,Balanced,Keep Difficulty Same
VegasKiccs4224#4259058,Struggling,Decrease Difficulty
WilliamVD06#1402376,Struggling,Decrease Difficulty
Beerneedi#9376283,Struggling,Decrease Difficulty
TaYox#8170862,Balanced,Keep Difficulty Same
WAILUA eqz#1469661,Struggling,Decrease Difficulty
EpicAPMGAMER#4197939,Balanced,Keep Difficulty Same
Xia-Alois#4944758,Struggling,Decrease Difficulty
RubyuWilliamsF1#9551242,Struggling,Decrease Difficulty
GLoRyDreamZz YT#4236219,Struggling,Decrease Difficulty
Adcarballo#9526144,Balanced,Keep Difficulty Same
mawinaquelpan#1833341,Struggling,Decrease Difficulty
COPA#2901463,Overperforming,Increase Difficulty
CSequan#6538464,Balanced,Keep Difficulty Same
TSM_AFO#2693072,Struggling,Decrease Difficulty
DeedlessRNG#5868395,Struggling,Decrease Difficulty
exituz00#9775154,Balanced,Keep Difficulty Same
TechedSphinx184#1851956,Balanced,Keep Difficulty Same
Kdogg308#8296481,Balanced,Keep Difficulty Same
shelbycobra1968#8036260,Balanced,Keep Difficulty Same
龙哥是你叫的吗#3778820,Struggling,Decrease Difficulty
SteakAndEggs#3403037,Balanced,Keep Difficulty Same
fortel_2018#7700324,Balanced,Keep Difficulty Same
Nocty59#6076007,Struggling,Decrease Difficulty
ChanXotic#1813958,Struggling,Decrease Difficulty
jshin#3024543,Struggling,Decrease Difficulty
itz_dugz900#5144105,Balanced,Keep Difficulty Same
Ace Runic#2385298,Balanced,Keep Difficulty Same
Theproandros#8814752,Balanced,Keep Difficulty Same
tony_bln#9948636,Balanced,Keep Difficulty Same
TRT#7913256,Struggling,Decrease Difficulty
ChimboGordo69#1616635,Overperforming,Increase Difficulty
MarkCrorigan#3362008,Overperforming,Increase Difficulty
CZTiger69#7879185,Struggling,Decrease Difficulty
UKz SP3CI4LI5Tz#9730481,Overperforming,Increase Difficulty
Schafrichter#2215675,Balanced,Keep Difficulty Same
Kriszma#6172406,Balanced,Keep Difficulty Same
For my fans jr#5885683,Balanced,Keep Difficulty Same
Silbergoblin#3616489,Struggling,Decrease Difficulty
E3elite7130#8915972,Overperforming,Increase Difficulty
ComeRuSh#6998295,Overperforming,Increase Difficulty
GerrieVanBoven#1756032,Overperforming,Increase Difficulty
Great_Devouer26#3237195,Struggling,Decrease Difficulty
Skanned#9164585,Struggling,Decrease Difficulty
Bachand89#3546278,Balanced,Keep Difficulty Same
VODKA#3550738,Overperforming,Increase Difficulty
Logic#3810400,Balanced,Keep Difficulty Same
d-FI_killer#2067801,Struggling,Decrease Difficulty
BoB lafourchette#8455447,Balanced,Keep Difficulty Same
TheCrossedChef#8626155,Balanced,Keep Difficulty Same
lucas1312307#9613500,Balanced,Keep Difficulty Same
FPT_Rafa#2727440,Struggling,Decrease Difficulty
Master chiefK90#5574499,Struggling,Decrease Difficulty
Triton#6631563,Struggling,Decrease Difficulty
Redvoll,Balanced,Keep Difficulty Same
eren#3417253,Struggling,Decrease Difficulty
Wzay#8699507,Struggling,Decrease Difficulty
如果有来生#7504616,Struggling,Decrease Difficulty
joh_ann9003#3064194,Struggling,Decrease Difficulty
Fastrexio#7574278,Struggling,Decrease Difficulty
iihamxd#4002338,Struggling,Decrease Difficulty
Eaton Beever#7281174,Overperforming,Increase Difficulty
Dandy#4379316,Balanced,Keep Difficulty Same
Skaldrelli-it85#6927684,Struggling,Decrease Difficulty
ranzengerch36#1055606,Balanced,Keep Difficulty Same
Shaun#5399819,Balanced,Keep Difficulty Same
NoeX59#7088104,Balanced,Keep Difficulty Same
SLASHER#5111840,Struggling,Decrease Difficulty
Charles3211#1977436,Balanced,Keep Difficulty Same
GWBDOE92#1356084,Balanced,Keep Difficulty Same
BiggMeezy#6702881,Balanced,Keep Difficulty Same
Fissy#9456851,Balanced,Keep Difficulty Same
BulldogFan-GIRL#4382682,Balanced,Keep Difficulty Same
V1sconti#8459946,Struggling,Decrease Difficulty
最弱#4082677,Overperforming,Increase Difficulty
RebuiltAphid801#2362711,Struggling,Decrease Difficulty
Slickwicked#1129481,Balanced,Keep Difficulty Same
Philisdiller,Balanced,Keep Difficulty Same
brodyandarcy418#2334592,Balanced,Keep Difficulty Same
corazzon21#7253996,Struggling,Decrease Difficulty
Yarrrak#1753072,Struggling,Decrease Difficulty
Eblis#7674860,Balanced,Keep Difficulty Same
BallChinius95#7208215,Balanced,Keep Difficulty Same
JayMufasa#6171372,Overperforming,Increase Difficulty
Spaced_Luis#6777222,Struggling,Decrease Difficulty
Mista Payne#5135455,Overperforming,Increase Difficulty
simi_2004#9029480,Balanced,Keep Difficulty Same
anon52181515#6248211,Balanced,Keep Difficulty Same
Berry_fieldzz#9452683,Struggling,Decrease Difficulty
ODubbzz95#2149602,Overperforming,Increase Difficulty
Zmann05#7431962,Struggling,Decrease Difficulty
BiggieDraw5#1284907,Struggling,Decrease Difficulty
Jhonatan#5916093,Struggling,Decrease Difficulty
black bird#2033672,Balanced,Keep Difficulty Same
freckled-whale#9045638,Struggling,Decrease Difficulty
Clarence#9250709,Balanced,Keep Difficulty Same
lazaruss99#7345717,Balanced,Keep Difficulty Same
Karl00ff,Overperforming,Increase Difficulty
4lienne_cD#3358909,Balanced,Keep Difficulty Same
cycyverygood#7868506,Overperforming,Increase Difficulty
odwfkerfreosas#4324694,Balanced,Keep Difficulty Same
Skarv3n#2408532,Struggling,Decrease Difficulty
Puaka904#3587455,Struggling,Decrease Difficulty
GoofierFlyer4#6264574,Balanced,Keep Difficulty Same
Vadász#3581142,Struggling,Decrease Difficulty
davide80ian#3162604,Balanced,Keep Difficulty Same
MackerYNWA#5475949,Balanced,Keep Difficulty Same
I am Spartan#5488105,Balanced,Keep Difficulty Same
Buztard#4298226,Struggling,Decrease Difficulty
xX-Mr_dinhooo-Xx#4236764,Balanced,Keep Difficulty Same
BLACK DRAGONS#1740780,Struggling,Decrease Difficulty
FireEagle#5116040,Overperforming,Increase Difficulty
adilbiy#1099225,Struggling,Decrease Difficulty
Litten_021#8540333,Struggling,Decrease Difficulty
PYRO-ITZMATT99#5950292,Struggling,Decrease Difficulty
BlackStabbath#9221375,Overperforming,Increase Difficulty
mamiaslo#2159245,Balanced,Keep Difficulty Same
TheAfricanPxnda#5919696,Balanced,Keep Difficulty Same
SyLvKaStArA1994#8355456,Overperforming,Increase Difficulty
BennJarmon#4390861,Balanced,Keep Difficulty Same
groovyjunior#7180479,Struggling,Decrease Difficulty
GearH3adOli#4513678,Struggling,Decrease Difficulty
VietBoatMan#3693893,Balanced,Keep Difficulty Same
usy-si_man#2632866,Struggling,Decrease Difficulty
DROPDEAD APE#5064438,Balanced,Keep Difficulty Same
Tickkle me Pink#2057775,Balanced,Keep Difficulty Same
TakM#6121102,Struggling,Decrease Difficulty
VhaughN#6124996,Balanced,Keep Difficulty Same
Shengx1#3757453,Balanced,Keep Difficulty Same
king7928#5970874,Struggling,Decrease Difficulty
Lets Ride7883#9442060,Struggling,Decrease Difficulty
ENCODEDBERRY#4469732,Balanced,Keep Difficulty Same
CSJ1202#8500731,Overperforming,Increase Difficulty
Coleton#8963811,Overperforming,Increase Difficulty
IRISH_CarBomb,Balanced,Keep Difficulty Same
MTLMOBSTER514_40#9603565,Balanced,Keep Difficulty Same
ajushi#9989791,Struggling,Decrease Difficulty
NoahNunez12#9506852,Balanced,Keep Difficulty Same
Illotuerehmarico#5161078,Struggling,Decrease Difficulty
Mucki88#2123504,Struggling,Decrease Difficulty
anon40284601#4732083,Balanced,Keep Difficulty Same
dogukan701#2400035,Balanced,Keep Difficulty Same
MikasaJKU#8932502,Overperforming,Increase Difficulty
Y8x_x#3190551,Balanced,Keep Difficulty Same
kSlaps-#3080013,Balanced,Keep Difficulty Same
LkDiamondd#3256906,Struggling,Decrease Difficulty
구렐리라#7498155,Balanced,Keep Difficulty Same
冰不如她心一半凉#1202093,Balanced,Keep Difficulty Same
Scared#7746837,Struggling,Decrease Difficulty
lowkey710_420#3738643,Overperforming,Increase Difficulty
Hyun#9712504,Balanced,Keep Difficulty Same
Vegasmedic777#1719717,Struggling,Decrease Difficulty
Xapo_04#6920184,Struggling,Decrease Difficulty
ZezMew#6781516,Struggling,Decrease Difficulty
major-sense7#4990747,Struggling,Decrease Difficulty
mike_hawks_long#6691320,Overperforming,Increase Difficulty
Shadow9World#3013168,Balanced,Keep Difficulty Same
Chaye#4862193,Overperforming,Increase Difficulty
TITAN0401974#5068691,Struggling,Decrease Difficulty
deinVater#4016447,Balanced,Keep Difficulty Same
o Jwinn#1431809,Balanced,Keep Difficulty Same
stevrick#7921608,Struggling,Decrease Difficulty
ninjamidget#7404492,Balanced,Keep Difficulty Same
tsuna_tsutayama#3588777,Balanced,Keep Difficulty Same
TheBrainEATER#1446450,Balanced,Keep Difficulty Same
BArrrrrios,Balanced,Keep Difficulty Same
Ogonkillu#2082114,Balanced,Keep Difficulty Same
WildSheet520101#8826167,Balanced,Keep Difficulty Same
kidnap#2200919,Struggling,Decrease Difficulty
Travisdabest#5693265,Struggling,Decrease Difficulty
Ri0TxRemix#9868633,Overperforming,Increase Difficulty
zetsoga,Balanced,Keep Difficulty Same
Pandeadpoola#1260413,Struggling,Decrease Difficulty
SouthWind1#3259446,Struggling,Decrease Difficulty
Peaks#1710918,Struggling,Decrease Difficulty
Ravensphere11#4952365,Struggling,Decrease Difficulty
xxXKDXxx#4033625,Balanced,Keep Difficulty Same
Affy93,Balanced,Keep Difficulty Same
JOMPLE#3345836,Overperforming,Increase Difficulty
DFaulk22#1164372,Overperforming,Increase Difficulty
stepdad#2799753,Balanced,Keep Difficulty Same
ImminentCupid45#8137814,Struggling,Decrease Difficulty
Raku-paN#9928359,Balanced,Keep Difficulty Same
TendingFlame873#5641179,Balanced,Keep Difficulty Same
XxGuccixalotyxX#5281679,Struggling,Decrease Difficulty
Jupitersix#9665297,Struggling,Decrease Difficulty
Bazezass#3665471,Struggling,Decrease Difficulty
mcookhorne#9355510,Overperforming,Increase Difficulty
Uravold#3082139,Balanced,Keep Difficulty Same
Peekaboo#9372473,Overperforming,Increase Difficulty
juggerwicho#1103368,Struggling,Decrease Difficulty
Bopfiles#2904550,Struggling,Decrease Difficulty
marelja4200#4629147,Balanced,Keep Difficulty Same
Lucky_#3820176,Balanced,Keep Difficulty Same
Luc100402#9645986,Struggling,Decrease Difficulty
ImBadAtFort2493#3906066,Struggling,Decrease Difficulty
STLBEATZ,Balanced,Keep Difficulty Same
kailaras#7229848,Struggling,Decrease Difficulty
ziller_filler#6346607,Struggling,Decrease Difficulty
Ray_26_6742457,Balanced,Keep Difficulty Same
Mich_K92,Balanced,Keep Difficulty Same
Bamcdo18#1851863,Struggling,Decrease Difficulty
Diegoortiz2050#1974630,Struggling,Decrease Difficulty
mathus2003#6518451,Struggling,Decrease Difficulty
King#6922910,Balanced,Keep Difficulty Same
Killopen#6131856,Overperforming,Increase Difficulty
Shane Dawson#6492924,Overperforming,Increase Difficulty
MalamutLeMit#5400527,Struggling,Decrease Difficulty
matlord77#9411460,Balanced,Keep Difficulty Same
akanebbq14#3345614,Struggling,Decrease Difficulty
AshxCobra#5522977,Struggling,Decrease Difficulty
AsmaaAli100#5349813,Struggling,Decrease Difficulty
PereaNK_9994454,Balanced,Keep Difficulty Same
lilbabynuggs#2406678,Balanced,Keep Difficulty Same
GxvenMxinz#2397676,Balanced,Keep Difficulty Same
IgoToutEstBON#5029004,Balanced,Keep Difficulty Same
Faze jax5#8384440,Balanced,Keep Difficulty Same
Flixjule,Struggling,Decrease Difficulty
DAbao#6573835,Struggling,Decrease Difficulty
fizz-elims#5974296,Balanced,Keep Difficulty Same
PowerLJR#9902279,Struggling,Decrease Difficulty
CASHLORDROBBI#2074243,Overperforming,Increase Difficulty
mightyrampage201#5908211,Struggling,Decrease Difficulty
xX1christianm1Xx#6814080,Struggling,Decrease Difficulty
ShockAndAwe6625#2229908,Balanced,Keep Difficulty Same
GodzillaBjj#6611492,Balanced,Keep Difficulty Same
HeliosNight36#5727186,Balanced,Keep Difficulty Same
SpirycTW#6706244,Struggling,Decrease Difficulty
Slim_Driven1#6298105,Balanced,Keep Difficulty Same
maomix_79#3633251,Struggling,Decrease Difficulty
RTV PULSE#5753154,Struggling,Decrease Difficulty
loudjass60,Balanced,Keep Difficulty Same
JFerg7_#4580781,Struggling,Decrease Difficulty
conicolt#8511349,Balanced,Keep Difficulty Same
NemoTaker#9224587,Balanced,Keep Difficulty Same
bendmes321#1047575,Struggling,Decrease Difficulty
PS4#4724361,Overperforming,Increase Difficulty
WLD Cycl0ne#7832156,Balanced,Keep Difficulty Same
207LucasM#4976565,Overperforming,Increase Difficulty
Connie Wonnie#3186006,Overperforming,Increase Difficulty
Kr_salte#4786394,Balanced,Keep Difficulty Same
patrickrouhie117#5992207,Struggling,Decrease Difficulty
Pugsan_Tokyo#6760326,Balanced,Keep Difficulty Same
Goughy919993#5854457,Struggling,Decrease Difficulty
John_Doe#7710794,Struggling,Decrease Difficulty
ryanlight1991#6355836,Balanced,Keep Difficulty Same
MotherKiller#5981842,Struggling,Decrease Difficulty
Nedd#1584174,Struggling,Decrease Difficulty
Faze_AyaanBeast#5213549,Balanced,Keep Difficulty Same
SYNTHEX#5819004,Balanced,Keep Difficulty Same
AaZz0909werterg#2017627,Struggling,Decrease Difficulty
jacksonrowe2021#2217510,Struggling,Decrease Difficulty
Daniel Z401538,Struggling,Decrease Difficulty
jujuondabeat59#1054429,Balanced,Keep Difficulty Same
Kamodo420,Balanced,Keep Difficulty Same
XxDollarplustaxX#2246442,Balanced,Keep Difficulty Same
total_auto#4076820,Struggling,Decrease Difficulty
WAR10CK#7165104,Struggling,Decrease Difficulty
052397#4248023,Struggling,Decrease Difficulty
Karen#6233938,Overperforming,Increase Difficulty
PlainComic6#3006619,Balanced,Keep Difficulty Same
Archdeluxe#5999480,Balanced,Keep Difficulty Same
Slimjim822#5928879,Struggling,Decrease Difficulty
Jalennn2x__#5002516,Struggling,Decrease Difficulty
ABC#7706517,Struggling,Decrease Difficulty
maxedgar21#6187114,Balanced,Keep Difficulty Same
Shaham#9721541,Struggling,Decrease Difficulty
invictus080893#6902950,Balanced,Keep Difficulty Same
stormy_shaper#9371393,Balanced,Keep Difficulty Same
blackpanthere152#1673324,Balanced,Keep Difficulty Same
milko00,Balanced,Keep Difficulty Same
YSL#7737377,Struggling,Decrease Difficulty
Bard4547#8673732,Struggling,Decrease Difficulty
Imaxkillr#1061613,Balanced,Keep Difficulty Same
i-x-123#5179957,Struggling,Decrease Difficulty
NightNight#8549948,Struggling,Decrease Difficulty
goncaloseara_007#3105657,Struggling,Decrease Difficulty
dantexcosof459#9647910,Struggling,Decrease Difficulty
ouch#5629126,Struggling,Decrease Difficulty
ASEREKO#4734593,Overperforming,Increase Difficulty
IIsmrfII#8405901,Balanced,Keep Difficulty Same
Remster#3408743,Struggling,Decrease Difficulty
Head a State#5469656,Balanced,Keep Difficulty Same
funny300sand#3610896,Struggling,Decrease Difficulty
Paulpiswager#5109041,Balanced,Keep Difficulty Same
Westy2Tappy#4689985,Overperforming,Increase Difficulty
Colester2653#3229142,Struggling,Decrease Difficulty
寛永通宝#8091568,Overperforming,Increase Difficulty
chubs4macarena#9176282,Overperforming,Increase Difficulty
thekingnazgul92#1758862,Balanced,Keep Difficulty Same
CurlierBike7761#6333531,Struggling,Decrease Difficulty
IBARRA_ANGEL09#7182488,Balanced,Keep Difficulty Same
edog145#9208499,Balanced,Keep Difficulty Same
AproposMirror72#2397909,Balanced,Keep Difficulty Same
boggymike2#1953760,Struggling,Decrease Difficulty
ddangdog#1979580,Struggling,Decrease Difficulty
Axelfoley247#6929116,Overperforming,Increase Difficulty
Tommyboy1333#3287158,Struggling,Decrease Difficulty
superninja_guy_4#4368042,Struggling,Decrease Difficulty
InsaneHorse#4943336,Balanced,Keep Difficulty Same
zacmagz#9603613,Struggling,Decrease Difficulty
pitbull4240#6308668,Struggling,Decrease Difficulty
GingerlyLamb0#3070025,Balanced,Keep Difficulty Same
iGoLDeN#7371923,Overperforming,Increase Difficulty
Matboc#1995855,Balanced,Keep Difficulty Same
Silverwing87121#6922559,Struggling,Decrease Difficulty
Red_Pyramid20#6786997,Overperforming,Increase Difficulty
Devileatsome#5266312,Struggling,Decrease Difficulty
nicktheslayer#2770754,Balanced,Keep Difficulty Same
nakkuru64776#3395775,Struggling,Decrease Difficulty
Bopa Shons#4723326,Overperforming,Increase Difficulty
jaynokilsyou#2572371,Balanced,Keep Difficulty Same
caxibaxe#1079664,Balanced,Keep Difficulty Same
camo_dudeX#9748255,Overperforming,Increase Difficulty
aidanrossmayne#3464198,Balanced,Keep Difficulty Same
OscarTheWolf_15#9046250,Balanced,Keep Difficulty Same
SoldierOfFortune#8147378,Balanced,Keep Difficulty Same
Prince_Psyz#4730163,Balanced,Keep Difficulty Same
slippymcflippy#7432155,Overperforming,Increase Difficulty
MerryBloom33395#4172405,Balanced,Keep Difficulty Same
RPGmestre#8053950,Struggling,Decrease Difficulty
MERCURY171#6615650,Balanced,Keep Difficulty Same
CBT SK13S#6557711,Balanced,Keep Difficulty Same
bogdanik77#9077296,Struggling,Decrease Difficulty
Ybarbärka#9387140,Balanced,Keep Difficulty Same
Nyxfrost#9423244,Overperforming,Increase Difficulty
ЛовкийРыцарь#8212538,Balanced,Keep Difficulty Same
Rocket704#5831068,Overperforming,Increase Difficulty
ItzChuy1992#9514134,Balanced,Keep Difficulty Same
zunderkicele#8234735,Struggling,Decrease Difficulty
ArielloSan87#4169424,Struggling,Decrease Difficulty
Conte6993#7555025,Struggling,Decrease Difficulty
HTC-DAMER99#8562810,Overperforming,Increase Difficulty
Youtz3#1079188,Balanced,Keep Difficulty Same
NBACT23#9405840,Balanced,Keep Difficulty Same
valegiovi#9083590,Struggling,Decrease Difficulty
SlickChainzz#9062190,Balanced,Keep Difficulty Same
Poliaknof#7159706,Overperforming,Increase Difficulty
josh0590,Struggling,Decrease Difficulty
Kalem65,Overperforming,Increase Difficulty
Vrunishka#6458603,Struggling,Decrease Difficulty
Enigma_Checho7#3752443,Struggling,Decrease Difficulty
Apecs,Balanced,Keep Difficulty Same
Deliayan#6121187,Struggling,Decrease Difficulty
Unwin#8352483,Struggling,Decrease Difficulty
Chua#5536312,Struggling,Decrease Difficulty
corn666#8827646,Struggling,Decrease Difficulty
Xx_-azh84-_Xx#6997068,Struggling,Decrease Difficulty
Chegzzz#1531446,Balanced,Keep Difficulty Same
FlawlessTrusa#9270025,Balanced,Keep Difficulty Same
Dark_Zihj_D4goat#8047854,Struggling,Decrease Difficulty
twiztjoints420#8770163,Balanced,Keep Difficulty Same
darkrocco02#2231200,Struggling,Decrease Difficulty
dodybegay#2060733,Overperforming,Increase Difficulty
annslee23,Struggling,Decrease Difficulty
brad_e,Balanced,Keep Difficulty Same
kirito#5949967,Struggling,Decrease Difficulty
calebeenter2018#9596711,Struggling,Decrease Difficulty
드루와드루와#4423253,Struggling,Decrease Difficulty
Spicy Ramen#4146696,Overperforming,Increase Difficulty
chubby_coo300#9002242,Overperforming,Increase Difficulty
GOLDENBUBAFACE#6412754,Overperforming,Increase Difficulty
WARRIOR HUNTER0#2670324,Balanced,Keep Difficulty Same
sN0ogIn5#3127389,Balanced,Keep Difficulty Same
Leo#1331876,Balanced,Keep Difficulty Same
GHIZZA#5173649,Struggling,Decrease Difficulty
anon58589014#2976628,Balanced,Keep Difficulty Same
Gibbosproperty#8764596,Balanced,Keep Difficulty Same
Sivox61#2517512,Balanced,Keep Difficulty Same
Therichkid13_#5486329,Balanced,Keep Difficulty Same
honey_mods#6363327,Struggling,Decrease Difficulty
UrsoJudeo#5325166,Struggling,Decrease Difficulty
Blaze_105,Balanced,Keep Difficulty Same
adir01#6448926,Struggling,Decrease Difficulty
AngryChicken#1420647,Balanced,Keep Difficulty Same
Bosshogg3393#2717872,Struggling,Decrease Difficulty
Neon_Frost88#7491656,Overperforming,Increase Difficulty
xHaiisse#8381665,Struggling,Decrease Difficulty
Soriba_Ps#1553042,Balanced,Keep Difficulty Same
ImATerrorist#4716532,Struggling,Decrease Difficulty
CAT IN THE HAT#6755025,Overperforming,Increase Difficulty
hounddoghalliday#1907055,Overperforming,Increase Difficulty
Romeo31#1251008,Balanced,Keep Difficulty Same
Daskunk4799#4027710,Balanced,Keep Difficulty Same
cadorade420,Balanced,Keep Difficulty Same
BoredKing2#3260114,Balanced,Keep Difficulty Same
IhateUrFace#9516971,Balanced,Keep Difficulty Same
QvMxZ#9314244,Struggling,Decrease Difficulty
eddy_steph1108#8582315,Balanced,Keep Difficulty Same
MyPxssyStank#5670238,Balanced,Keep Difficulty Same
Reaxian#5376104,Balanced,Keep Difficulty Same
SharkFace5656#1385083,Struggling,Decrease Difficulty
UCD_281771230356dRkdHOSDJIuc,Overperforming,Increase Difficulty
un1x#1174586,Struggling,Decrease Difficulty
Kasai__98#7033288,Balanced,Keep Difficulty Same
Thinfathead89#4174895,Balanced,Keep Difficulty Same
lukahockey97#2843234,Struggling,Decrease Difficulty
MACONHEIRO_4i20#9317450,Overperforming,Increase Difficulty
SD#9632134,Balanced,Keep Difficulty Same
MKZ-NAD_12#1622628,Struggling,Decrease Difficulty
mooajulien86#6722986,Struggling,Decrease Difficulty
ElFistoLibre#2540624,Balanced,Keep Difficulty Same
GhostPants#2782866,Struggling,Decrease Difficulty
llllll#1403364,Struggling,Decrease Difficulty
F4nton_M#4356942,Overperforming,Increase Difficulty
DuC_zer_slow_734#6051766,Struggling,Decrease Difficulty
Dennis#5489843,Balanced,Keep Difficulty Same
kylanhigdon,Balanced,Keep Difficulty Same
RLifante_BR#3815442,Overperforming,Increase Difficulty
CyborgElephant8#7520780,Struggling,Decrease Difficulty
Mommyfricker69#6493333,Balanced,Keep Difficulty Same
bobbo#7328321,Struggling,Decrease Difficulty
niko#1425332,Struggling,Decrease Difficulty
HaChuPaCha#1426492,Balanced,Keep Difficulty Same
136_Luca#5240574,Struggling,Decrease Difficulty
Brain OConnor38#9812421,Struggling,Decrease Difficulty
블랙오크#1986954,Balanced,Keep Difficulty Same
Trymers,Struggling,Decrease Difficulty
culioncisimo74#4272370,Overperforming,Increase Difficulty
saadAS#2983339,Balanced,Keep Difficulty Same
allison__burgers#5228266,Overperforming,Increase Difficulty
Snakeye48,Balanced,Keep Difficulty Same
YouFaShe#3021862,Struggling,Decrease Difficulty
SPECTATOR#5803193,Balanced,Keep Difficulty Same
Mat1_Eo#7432732,Balanced,Keep Difficulty Same
Sterling Archer#9795593,Overperforming,Increase Difficulty
qui1ztah#7416067,Balanced,Keep Difficulty Same
Richardcabreira8#9496272,Balanced,Keep Difficulty Same
haCap#7123236,Balanced,Keep Difficulty Same
RaZyGER#8278395,Balanced,Keep Difficulty Same
tommmsLT#4964234,Balanced,Keep Difficulty Same
s0oReCkLeSsBrAh#6372640,Balanced,Keep Difficulty Same
我带你们打#6202600,Struggling,Decrease Difficulty
BlacKPoisoN#9748555,Balanced,Keep Difficulty Same
lopes77lucas#2477139,Struggling,Decrease Difficulty
라라찌#4217964,Struggling,Decrease Difficulty
MD2040#9003847,Struggling,Decrease Difficulty
anon67476781#4610800,Balanced,Keep Difficulty Same
Lekestrell#9382004,Balanced,Keep Difficulty Same
EnZo29#7776383,Struggling,Decrease Difficulty
AKR_aaa#5403024,Balanced,Keep Difficulty Same
MeaslyPanther81#4102876,Balanced,Keep Difficulty Same
bimo09#9025166,Balanced,Keep Difficulty Same
JermWormy#5125402,Overperforming,Increase Difficulty
LokiiFN#2367402,Struggling,Decrease Difficulty
ImranePROPG#2085215,Struggling,Decrease Difficulty
Miguel_mor#1492856,Struggling,Decrease Difficulty
Trianthor#3462590,Struggling,Decrease Difficulty
tinytrex594#3976133,Balanced,Keep Difficulty Same
TomasFJ_05#2711069,Balanced,Keep Difficulty Same
